{
  "Total" : {
    "transaction" : "Total",
    "sampleCount" : 500,
    "errorCount" : 0,
    "errorPct" : 0.0,
    "meanResTime" : 2.614000000000004,
    "medianResTime" : 3.0,
    "minResTime" : 1.0,
    "maxResTime" : 21.0,
    "pct1ResTime" : 3.0,
    "pct2ResTime" : 3.0,
    "pct3ResTime" : 4.0,
    "throughput" : 8.344737808338063,
    "receivedKBytesPerSec" : 1.0104955939784372,
    "sentKBytesPerSec" : 3.170022468206549
  },
  "用户登录" : {
    "transaction" : "用户登录",
    "sampleCount" : 500,
    "errorCount" : 0,
    "errorPct" : 0.0,
    "meanResTime" : 2.614000000000004,
    "medianResTime" : 3.0,
    "minResTime" : 1.0,
    "maxResTime" : 21.0,
    "pct1ResTime" : 3.0,
    "pct2ResTime" : 3.0,
    "pct3ResTime" : 4.0,
    "throughput" : 8.344737808338063,
    "receivedKBytesPerSec" : 1.0104955939784372,
    "sentKBytesPerSec" : 3.170022468206549
  }
}